{
    "GameObjects": [{"ObjectType":"Sphere","Static":true,"Components":{"Transform":{"Position":[0.0,7.273000240325928,0.0],"Rotation":[0.0,0.0,0.0],"Scale":[1.0,1.0,1.0]}}},{"ObjectType":"Sphere","Static":false,"Components":{"Transform":{"Position":[-79.05345916748047,-12.999088287353516,81.67962646484375],"Rotation":[-2.8153374195098879,-0.7832884788513184,3.4131906032562258],"Scale":[1.0,1.0,1.0]}}},{"ObjectType":"Light","Static":false,"Components":{"Light":{"IsDirectional":false,"Intensities":[1.0,1.0,1.0],"Attenuation":0.10000000149011612,"AmbientCoefficient":0.15000000596046449,"ConeAngle":360.0,"ConeDirection":[0.0,1.0,0.0]},"Transform":{"Position":[0.0,33.21500015258789,0.0],"Rotation":[0.0,0.0,0.0],"Scale":[1.0,1.0,1.0]}}},{"ObjectType":"Light","Static":false,"Components":{"Light":{"IsDirectional":false,"Intensities":[1.0,1.0,1.0],"Attenuation":0.10000000149011612,"AmbientCoefficient":0.15000000596046449,"ConeAngle":360.0,"ConeDirection":[0.0,1.0,-0.07800000160932541]},"Transform":{"Position":[0.0,33.21500015258789,-97.48800659179688],"Rotation":[0.0,0.0,0.0],"Scale":[1.0,1.0,1.0]}}}
    ]
}