{
    "GameObjects": [{"ObjectType":"Light","Static":false,"Components":{"Light":{"IsDirectional":false,"Intensities":[1.0,1.0,1.0],"Attenuation":0.10000000149011612,"AmbientCoefficient":0.15000000596046449,"ConeAngle":360.0,"ConeDirection":[0.0,1.0,0.0]},"Transform":{"Position":[11.816000938415528,39.75800323486328,-4.773000240325928],"Rotation":[0.0,0.0,0.0],"Scale":[1.0,1.0,1.0]}}},{"ObjectType":"Light","Static":false,"Components":{"Light":{"IsDirectional":false,"Intensities":[1.0,1.0,1.0],"Attenuation":0.18000000715255738,"AmbientCoefficient":0.15000000596046449,"ConeAngle":360.0,"ConeDirection":[0.0,1.0,0.0]},"Transform":{"Position":[-6.770000457763672,7.160000324249268,-7.777000427246094],"Rotation":[0.0,0.0,0.0],"Scale":[1.0,1.0,1.0]}}},{"ObjectType":"Light","Static":false,"Components":{"Light":{"IsDirectional":false,"Intensities":[1.0,1.0,1.0],"Attenuation":0.01600000075995922,"AmbientCoefficient":0.15000000596046449,"ConeAngle":244.91500854492188,"ConeDirection":[0.0,0.7440000176429749,0.3680000305175781]},"Transform":{"Position":[1.0,58.57400131225586,57.11700439453125],"Rotation":[0.9260000586509705,3.9220001697540285,11.926000595092774],"Scale":[24.825000762939454,24.825000762939454,24.825000762939454]}}}
    ]
}