{
    "GameObjects": [{"ObjectType":"Light","Static":false,"Components":{"Light":{"IsDirectional":false,"Intensities":[1.0,1.0,1.0],"Attenuation":0.10000000149011612,"AmbientCoefficient":0.15000000596046449,"ConeAngle":360.0,"ConeDirection":[0.0,1.0,0.0]},"Transform":{"Position":[-4.024972438812256,-696.95703125,23.499000549316408],"Rotation":[0.0,0.0,0.0],"Scale":[1.0,1.0,1.0]}}},{"ObjectType":"Light","Static":false,"Components":{"Light":{"IsDirectional":false,"Intensities":[1.0,1.0,1.0],"Attenuation":0.10000000149011612,"AmbientCoefficient":0.15000000596046449,"ConeAngle":360.0000305175781,"ConeDirection":[0.0,-1.3830000162124634,0.0]},"Transform":{"Position":[-4.024972438812256,-697.6090087890625,-114.25100708007813],"Rotation":[0.0,0.0,0.0],"Scale":[1.0,1.0,1.0]}}},{"ObjectType":"Light","Static":false,"Components":{"Light":{"IsDirectional":false,"Intensities":[1.0,0.531000018119812,0.49800002574920657],"Attenuation":0.23900000751018525,"AmbientCoefficient":0.15000000596046449,"ConeAngle":58.83700180053711,"ConeDirection":[0.0,-1.0,-0.659000039100647]},"Transform":{"Position":[150.95590209960938,-727.4850463867188,-35.702308654785159],"Rotation":[0.0,0.0,0.0],"Scale":[1.0,1.0,1.0]}}}
    ]
}