{
    "GameObjects": [{"ObjectType":"Light","Static":false,"Components":{"Light":{"IsDirectional":true,"Intensities":[1.0,1.0,1.0],"Attenuation":0.10000000149011612,"AmbientCoefficient":0.15000000596046449,"ConeAngle":360.0,"ConeDirection":[0.0,1.0,0.0]},"Transform":{"Position":[11.816000938415528,39.75800323486328,-4.773000240325928],"Rotation":[0.0,0.0,0.0],"Scale":[1.0,1.0,1.0]}}}
    ]
}