{
    "GameObjects": [{"ObjectType":"Light","Static":false,"Components":{"Light":{"IsDirectional":false,"Intensities":[1.0,1.0,1.0],"Attenuation":0.10000000149011612,"AmbientCoefficient":0.15000000596046449,"ConeAngle":360.0,"ConeDirection":[0.0,1.0,0.0]},"Transform":{"Position":[-4.024972438812256,-696.95703125,23.499000549316408],"Rotation":[0.0,0.0,0.0],"Scale":[1.0,1.0,1.0]}}},{"ObjectType":"Light","Static":false,"Components":{"Light":{"IsDirectional":false,"Intensities":[1.0,1.0,1.0],"Attenuation":0.10000000149011612,"AmbientCoefficient":0.15000000596046449,"ConeAngle":360.0000305175781,"ConeDirection":[0.0,-1.3830000162124634,0.0]},"Transform":{"Position":[-4.024972438812256,-697.6090087890625,-114.25100708007813],"Rotation":[0.0,0.0,0.0],"Scale":[1.0,1.0,1.0]}}},{"ObjectType":"Light","Static":false,"Components":{"Light":{"IsDirectional":false,"Intensities":[1.0,1.0,1.0],"Attenuation":0.10000000149011612,"AmbientCoefficient":0.15000000596046449,"ConeAngle":76.36300659179688,"ConeDirection":[0.0,-1.0,0.0]},"Transform":{"Position":[20.82400131225586,18.203001022338868,12.430000305175782],"Rotation":[0.0,0.0,0.0],"Scale":[1.0,1.0,1.0]}}},{"ObjectType":"Light","Static":false,"Components":{"Light":{"IsDirectional":true,"Intensities":[1.0,1.0,1.0],"Attenuation":0.10000000149011612,"AmbientCoefficient":0.15000000596046449,"ConeAngle":360.0,"ConeDirection":[0.0,1.0,0.0]},"Transform":{"Position":[78.3800048828125,104.56000518798828,-115.67604064941406],"Rotation":[0.0,0.0,0.0],"Scale":[1.0,1.0,1.0]}}}
    ]
}